Name,Location
Olmec Agro-Tech,"Tacoma, WA"
Bush Creek Farm,"Elma, WA"
Armstrong-Zita Ranch,"Tumwater, WA"
"Boistfort Valley Farm, Inc.","Curtis, WA"
Tri-J's Farm,"Olympia , WA"
Hungry Hollow Farm,"Shelton, WA"
Herron Hill Dairy,"Home, WA"
Prairie Oak Farm,"Olympia, WA"
Ramstead Grassfed and Pastured Meats,"Lacey, WA"
Ramstead Ranch,"Ione, WA"
Oro Bay Farm,"Anderson Island, WA"
Healthy Temptations Micro-farm,"Lacey, WA"
Blacksmith Farms,"Olympia, WA"
Mimir's Grove,"Olympia, WA"
Stokesberry Sustainable Farms,"Olympia, WA"
Five Star Farm Beef,"Oakville WA 98568, WA"
FireWater Farm,"Gig Harbor, WA"
Wobbly Cart Farm,"Rochester, WA"
Back Nine Farms,"Seabeck, WA"
Bermaga Farm LLC,"montesano, WA"
El Diablo's Chili Farm,"Shelton, WA"
Skookum Farmstead,"Shelton, WA"
Creation Organics,"Shelton, WA"
Silverwolf Rabbitry,"shelton, WA"
Silverwolf Rabbitry Pet Food,"shelton, WA"
Silverwolf Farm & Crafts,"Shelton, WA"
Sound Fresh Clams and Oysters,"Shelton, WA"
Building Earth Farm,"Olympia, WA"
Steamboat Junction Farm,"Olympia, WA"
Skokomish Farms,"Union, WA"
Highwater Farms,"Shelton, WA"
Skokomish Valley Farms,"Shelton, WA"
Township 18 Farm & Learning Center,"Olympia, WA"
Ladyberry Produce - Esterly Farm,"Olympia, WA"
Flying Coyote Farm,"Olympia, WA"
Zepp Farm LLC,"McCleary, WA"
GRuB (Garden-Raised Bounty),"Olympia, WA"
The Iron Horse Farm,"Olympia, WA"
Foxglove Farm Olympia,"Olympia, WA"
Blueberry Lane,"Olympia, WA"
