Name,Location,Email,Phone
unknown,unknown,acmefarm@msn.com,unknown
unknown,unknown,ericrobb@zionbeef.com,unknown
unknown,unknown,barnyard@akylafarms.com,unknown
unknown,unknown,lotwg@hotmail.com,unknown
unknown,unknown,info@americanalpsranch.com,unknown
unknown,unknown,farm@aurorafarms.org,unknown
unknown,unknown,autumnhillswoollens@live.com,unknown
unknown,unknown,cbaronhj7@gmail.com,unknown
unknown,unknown,jons@basketflatranch.com,unknown
unknown,unknown,drbetsy@methownet.com,unknown
unknown,unknown,bentgatefarmsinfo@gmail.com,unknown
unknown,unknown,birkelandfarm@gmail.com,unknown
unknown,unknown,nashbobkat@gmail.com,unknown
unknown,unknown,selma@bonedryridgefarm.com,unknown
unknown,unknown,info@botanybayfarm.com,unknown
unknown,unknown,Brayangus@ptera.net,unknown
unknown,unknown,albertvwalsh@gmail.com,unknown
unknown,unknown,eric@chinookfarms.com,unknown
unknown,unknown,fred@colvinranch.com,unknown
unknown,unknown,crownsranch@gmail.com,unknown
unknown,unknown,amonsen@hotmail.com,unknown
unknown,unknown,ntdouglas@fairpoint.net,unknown
unknown,unknown,essapasturedlamb@gmail.com,unknown
unknown,unknown,forestcattle@hotmail.com,unknown
unknown,unknown,johutton1@fairpoint.net,unknown
unknown,unknown,michaele@broadstripe.net,unknown
unknown,unknown,happyhollowbeef@gmail.com,unknown
unknown,unknown,info@hardgrassbeef.com,unknown
unknown,unknown,eric@harlowshillswestcoast.com,unknown
unknown,unknown,sales@holycowgrassfed.com,unknown
unknown,unknown,bruceki@bigpig.net,unknown
unknown,unknown,Sean.m.lenihan@thehonestbison.com,unknown
unknown,unknown,hopespringsranch@hotmail.com,unknown
unknown,unknown,grant@hungryhollowfarm.com,unknown
unknown,unknown,markquiaki@gmail.com,unknown
unknown,unknown,adoptiongospel@gmail.com,unknown
unknown,unknown,adoptiongospel@gmail.com,unknown
unknown,unknown,mlrobinette@gmail.com,unknown
unknown,unknown,mary@L77ranch.com,unknown
unknown,unknown,bruce@lopezislandfarm.com,unknown
unknown,unknown,info@lostinecattlecompany.com,unknown
unknown,unknown,rforman@pacifictopsoils.com,unknown
unknown,unknown,maplekfarms@gmail.com,unknown
unknown,unknown,info@mistymeadowsfarm.com,unknown
unknown,unknown,moir@moircountry.com,unknown
unknown,unknown,joe@mtcapra.com,unknown
unknown,unknown,ramsdenranch@eoni.com,unknown
unknown,unknown,jill@nelsonranch.com,unknown
unknown,unknown,thebear@nwwildfoods.com,unknown
unknown,unknown,oakmeadows.farm@yahoo.com,unknown
unknown,unknown,contact@onthelambfarm.com,unknown
unknown,unknown,charlotte@onestrawranch.com,unknown
unknown,unknown,allen@palousepasturedpoultry.com,unknown
unknown,unknown,pdolson2@gmail.com,unknown
unknown,unknown,reality@fidalgo.net,unknown
unknown,unknown,pureeiredairy@aol.com,unknown
unknown,unknown,eileen@ramsteadranch.com,unknown
unknown,unknown,garydale14@gmail.com,unknown
unknown,unknown,info@rockyridgeranchspokane.com,unknown
unknown,unknown,sageviewfarm@yahoo.com,unknown
unknown,unknown,rshort42@gmail.com,unknown
unknown,unknown,eiko@cnw.com,unknown
unknown,unknown,skiyouranch@gmail.com,unknown
unknown,unknown,soggyfeetfarms@msn.com,unknown
unknown,unknown,info@teddybearfarm.biz,unknown
unknown,unknown,roshel@3sistersbeef.com,unknown
unknown,unknown,72buckaroo@gmail.com,unknown
unknown,unknown,lyndants@ywave.com,unknown
unknown,unknown,p.hendrickson43@gmail.com,unknown
unknown,unknown,randy@vitalchoice.com,unknown
unknown,unknown,chucknbob@aol.com,unknown
unknown,unknown,trainerhotline@msn.com,unknown
unknown,unknown,rich@whitakergrassfedbeef.com,unknown
unknown,unknown,wildedgefarm@gmail.com,unknown
unknown,unknown,info@grassfednaturalbeef.com,unknown
unknown,unknown,bradley@windyNranch.com,unknown
unknown,unknown,greg@windyNranch.com,unknown
unknown,unknown,fro@eatwild.com,unknown
